days from LH peak,E2 n,E2 mean (pmol/L),E2 mean (pg/mL),E2 median (pmol/L),E2 median (pg/mL),E2 perc 5 (pmol/L),E2 perc 5 (pg/mL),E2 perc 95 (pmol/L),E2 perc 95 (pg/mL),P n,P mean (nmol/L),P median (nmol/L),P perc 5 (nmol/L),P perc 95 (nmol/L)
-15,9,118.42,32.26,139.46,37.99,57.55,15.68,194.44,52.97,9,1.66,1.27,0.32,3.75
-14,12,133.01,36.23,149.00,40.59,66.06,17.99,187.67,51.12,12,1.27,1.27,0.32,2.73
-13,14,133.17,36.28,137.63,37.49,75.20,20.48,189.34,51.58,14,1.02,0.95,0.52,1.59
-12,17,125.95,34.31,128.45,34.99,79.42,21.63,200.97,54.74,17,0.82,0.64,0.32,1.65
-11,19,134.65,36.68,130.29,35.49,82.98,22.60,196.75,53.59,19,0.74,0.64,0.32,1.30
-10,20,151.33,41.22,145.15,39.54,87.60,23.86,209.56,57.08,20,0.94,0.64,0.32,2.32
-9,20,159.48,43.44,154.14,41.99,93.40,25.44,224.68,61.20,20,0.72,0.64,0.32,1.29
-8,20,170.34,46.40,162.76,44.34,112.49,30.64,220.86,60.16,20,0.67,0.48,0.32,1.61
-7,20,195.90,53.36,196.16,53.43,124.67,33.96,267.23,72.79,20,0.73,0.64,0.32,1.30
-6,20,228.20,62.16,215.06,58.58,157.66,42.95,313.36,85.36,20,0.51,0.32,0.32,1.00
-5,20,269.07,73.29,262.22,71.43,190.47,51.88,346.76,94.46,20,0.57,0.48,0.32,1.02
-4,20,343.68,93.62,363.15,98.92,186.47,50.79,490.81,133.70,19,0.59,0.64,0.32,0.95
-3,20,477.27,130.01,485.72,132.31,241.52,65.79,803.56,218.89,20,0.51,0.32,0.32,0.97
-2,20,661.19,180.11,651.06,177.35,337.35,91.89,1153.76,314.28,20,0.59,0.64,0.32,1.27
-1,20,914.84,249.20,939.34,255.88,503.85,137.25,1517.67,413.41,20,1.02,0.95,0.62,1.62
0,20,780.76,212.68,671.06,182.80,482.00,131.30,1425.39,388.28,20,2.66,2.54,1.24,4.13
1,20,320.59,87.33,312.87,85.23,159.87,43.55,514.35,140.11,20,5.02,4.93,2.21,8.95
2,19,261.32,71.18,260.57,70.98,154.62,42.12,398.38,108.52,19,12.13,12.72,4.74,18.67
3,20,338.94,92.33,322.96,87.97,208.64,56.83,495.82,135.06,20,20.84,20.51,11.34,29.05
4,20,454.07,123.69,403.52,109.92,269.80,73.49,665.99,181.42,20,29.75,30.85,11.38,45.51
5,20,499.49,136.06,450.68,122.77,292.57,79.70,703.85,191.73,20,36.08,34.03,23.72,46.46
6,19,497.07,135.40,486.64,132.56,267.07,72.75,719.72,196.05,19,36.52,35.30,22.36,48.18
7,20,531.14,144.68,551.78,150.30,291.71,79.46,695.47,189.45,20,40.32,42.45,25.98,54.17
8,20,504.39,137.40,491.23,133.81,281.91,76.79,718.20,195.64,20,39.65,37.05,25.06,60.39
9,20,499.18,135.98,503.52,137.16,279.18,76.05,764.41,208.23,20,33.76,32.44,18.25,46.65
10,19,526.68,143.47,495.45,134.96,294.48,80.22,806.70,219.75,19,34.11,32.75,17.74,55.94
11,20,350.65,95.52,340.41,92.73,210.22,57.26,640.16,174.38,20,18.24,14.47,6.74,38.21
12,20,322.24,87.78,314.52,85.68,174.82,47.62,546.15,148.77,20,16.90,13.04,3.67,41.58
13,16,229.70,62.57,170.10,46.34,101.93,27.77,497.74,135.58,16,10.73,5.25,2.15,33.15
14,8,249.28,67.90,151.20,41.19,93.97,25.60,693.54,188.92,9,9.50,4.13,1.91,33.39